ASSET_ID,CONTENT_ID,CATEGORY,SUBCATEGORY,REGION,MAP,LEVEL_BAND,CLASS,SP,DESCRIPTION,PURPOSE,PRIORITY,PHASE,STATUS,EXISTING_SOURCE,NEW_ASSET_REQUIRED,VARIANT_COUNT,DIRECTION_COUNT,STATE,FRAME_OR_KEYPOSE_COUNT,TOTAL_EXPECTED_OUTPUT_FILES,SOURCE_RESOLUTION,RUNTIME_RESOLUTION_POLICY,TRANSPARENCY,PIVOT,MIRROR_ALLOWED,LAYERING,SOCKETS,VFX_REQUIRED,ICON_REQUIRED,PORTRAIT_REQUIRED,GODOT_PROCEDURAL_SUPPORT,MOBILE_COST_CLASS,ATLAS_ELIGIBLE,LOD_REQUIRED,DEPENDENCIES,TARGET_PATH,VISUAL_SPEC_ID,CREATION_CARD_ID,POSE_SPEC,FACING_SPEC,SUBJECT_SCALE,SUBJECT_BOUNDS,GROUND_CONTACT,HEAD_SOCKET,MAIN_HAND_SOCKET,OFFHAND_SOCKET,VFX_SOCKET,DEPTH_POLICY,ANIMATION_TIMING_PROFILE,REFERENCE_ASSET_IDS,ROTATION_CERTIFICATION,NOTES
AST_M0431B_BODY,CLS_01,PLAYER,ACTION_BODY,,,1-60,CLS_01,,Male Wayfarer melee body windup and commit,Close current action-art gap,P0,VERTICAL_SLICE,MISSING,characters/base/male/directions/*.png,YES,1,4,windup|commit,2,8,512x512,1:1 RGBA,STRAIGHT_ALPHA,"256;468",NO,body,head|main_hand|ground,NO,NO,NO,followthrough and recovery motion only,MEDIUM,NO,NO,AST_PLAYER_IDLE_8D,characters/base/male/actions/melee/<direction>/<pose>.png,VS_CHAR_01,CC_001A,CC_001A,front|right|back|left,canonical male,"24px padding minimum",feet at y468,"per JSON","per JSON",NONE,slash_origin,weapon front except back start,normalized action phases,A00107..A00114,FOUR_CARDINAL_CERTIFIED,No diagonal recovery shadow helmet sword or VFX art
AST_M0431B_ARMOR,EQ_T01,EQUIPMENT,ACTION_OVERLAY,,,1-10,CLS_01,,Wayfarer armor overlays matching exact body poses,Keep equipped silhouette synchronized,P0,VERTICAL_SLICE,MISSING,characters/equipment/armor/wayfarer,YES,1,4,windup|commit,2,8,512x512,1:1 RGBA,STRAIGHT_ALPHA,"256;468",NO,armor over body; under helmet and sword,uses body sockets,NO,NO,NO,none,MEDIUM,NO,NO,AST_M0431B_BODY,characters/equipment/armor/wayfarer/actions/melee/<direction>/<pose>.png,VS_CHAR_01,CC_001B,match body exactly,front|right|back|left,canonical male,"24px padding minimum",feet at y468,inherit,inherit,NONE,inherit,armor follows body,body pose index lock,AST_M0431B_BODY,FOUR_CARDINAL_CERTIFIED,Armor contains no body helmet weapon shadow or VFX
AST_M0431B_SOCKET,EQ_T01,METADATA,ACTION_SOCKETS,,,1-10,CLS_01,,Wayfarer melee socket metadata,Drive existing helmet and short sword,P0,VERTICAL_SLICE,MISSING,none,YES,1,4,windup|commit,2,1,JSON,runtime data,NOT_REQUIRED,"256;468",NO,NOT_REQUIRED,head|main_hand|ground|depth|angles,NO,NO,NO,socket interpolation,LOW,NO,NO,AST_M0431B_BODY;AST_M0431B_ARMOR,data/spatial/player_actions/wayfarer_melee_attack.json,VS_SOCKET_01,CC_001C,CC_001C,front|right|back|left,NOT_REQUIRED,NOT_REQUIRED,ground pivot 256;468,required,required,NONE,slash_origin,explicit per pose,normalized action phases,canonical helmet;canonical short sword,FOUR_CARDINAL_CERTIFIED,Deliverable yes; authored raster output no
AST_PLAYER_IDLE_8D,CLS_01,PLAYER,BASE_DIRECTION,,,1-60,CLS_01,,Male base directional idles,Core facing,P0,CURRENT,READY,characters/base/male/directions/*.png,NO,1,8,idle,1,8,source,keep native,STRAIGHT_ALPHA,ground footpoint,NO,body,none,NO,NO,NO,direction resolution,LOW,YES,NO,,characters/base/male/directions/,CHAR_BASE_01,NONE,idle,8 directions,canonical,source bounds,footpoint,existing,existing,NONE,existing,oblique depth,idle hold,A00107..A00114,EIGHT_DIRECTION_CERTIFIED,Catalog VISUAL_MASTER_READY
AST_PLAYER_LOCOMOTION,CLS_01,PLAYER,BASE_ANIMATION,,,1-60,CLS_01,,Male walk and run frames,Movement readability,P0,CURRENT,REWORK,characters/animations/male/walk_*;characters/animations/male/run_*,YES,1,8,walk|run,4,64,source,normalize to 512 canvas,STRAIGHT_ALPHA,"256;468",NO,body,sockets follow body,NO,NO,NO,blend and timing only,MEDIUM,NO,NO,AST_PLAYER_IDLE_8D,characters/base/male/animations/<state>/<direction>/,ANIM_PLAYER_01,CC_002A,4-frame cycles,8 directions,canonical male,"24px padding minimum",feet fixed,required,required,NONE,required,foot-depth sort,8fps walk;10fps run,A00075..A00082,EIGHT_DIRECTION_PENDING,Catalog has frames not direction-bound
AST_PLAYER_DAMAGE,CLS_01,PLAYER,BASE_ANIMATION,,,1-60,CLS_01,,Male hit and defeated keyposes,Combat feedback,P1,EARLY,REWORK,characters/animations/male/hit_*;characters/animations/male/defeated_*,YES,1,4,hit|defeated,2,16,source,normalize to 512 canvas,STRAIGHT_ALPHA,"256;468",NO,body,sockets follow body,NO,NO,NO,tween timing only,MEDIUM,NO,NO,AST_PLAYER_IDLE_8D,characters/base/male/animations/<state>/<direction>/,ANIM_PLAYER_02,CC_002B,2 keyposes per state,cardinals,canonical male,"24px padding minimum",feet fixed,required,required,NONE,required,foot-depth sort,hit 0.2s;defeated 0.6s,A00067..A00070,FOUR_CARDINAL_PENDING,Catalog frames not direction-bound
AST_CLASS_C01_MELEE,CLS_01,CLASSES,COMBAT_POSES,,,1-60,CLS_01,,Vanguard melee family,Class combat set,P1,EARLY,PARTIAL,characters/animations/male/attack_melee,YES,1,4,ready|windup|commit|recover,4,16,512x512,1:1,STRAIGHT_ALPHA,"256;468",NO,body;sockets,head|hands|vfx,YES,YES,NO,timing and held phases,MEDIUM,NO,NO,AST_M0431B_BODY,characters/classes/CLS_01/melee/,CLASS_01,CC_003,4 keyposes,cardinals,canonical player,padded,feet fixed,required,required,optional,required,weapon path explicit,0.65s attack,A00043..A00046,FOUR_CARDINAL_PENDING,Front-side authored source exists
AST_CLASS_C02_RANGED,CLS_02,CLASSES,COMBAT_POSES,,,1-60,CLS_02,,Ranger ranged family,Class combat set,P1,EARLY,REWORK,characters/animations/male/attack_ranged,YES,2,4,ready|draw_start|full_draw|release,4,32,512x512,1:1,STRAIGHT_ALPHA,"256;468",NO,body;weapon,head|main_hand|offhand|vfx,YES,YES,NO,projectile trajectory,MEDIUM,NO,NO,AST_PLAYER_IDLE_8D,characters/classes/CLS_02/ranged/,CLASS_02,CC_004,4 keyposes,cardinals,both bodies,padded,feet fixed,required,required,required,required,bow depth explicit,0.8s attack,A00051..A00058,FOUR_CARDINAL_PENDING,Existing male/female nondirectional poses
AST_CLASS_C03_MAGIC,CLS_03,CLASSES,COMBAT_POSES,,,1-60,CLS_03,,Arcanist cast family,Class combat set,P1,MID,REWORK,characters/animations/male/cast,YES,2,4,ready|gather|channel|release,4,32,512x512,1:1,STRAIGHT_ALPHA,"256;468",NO,body;focus,head|hands|vfx,YES,YES,NO,VFX animation and timing,MEDIUM,NO,NO,AST_PLAYER_IDLE_8D,characters/classes/CLS_03/cast/,CLASS_03,CC_005,4 keyposes,cardinals,both bodies,padded,feet fixed,required,required,required,required,VFX behind/front split,1.0s cast,A00059..A00066,FOUR_CARDINAL_PENDING,Existing male/female nondirectional poses
AST_CLASS_C04_SUPPORT,CLS_04,CLASSES,COMBAT_POSES,,,1-60,CLS_04,,Warden support cast family,Class combat set,P1,MID,MISSING,none,YES,2,4,gather|channel|release|recover,4,32,512x512,1:1,STRAIGHT_ALPHA,"256;468",NO,body;focus,head|hands|vfx,YES,YES,NO,VFX animation and timing,MEDIUM,NO,NO,AST_CLASS_C03_MAGIC,characters/classes/CLS_04/support/,CLASS_04,CARD_CLASS_TEMPLATE,4 keyposes,cardinals,both bodies,padded,feet fixed,required,required,required,required,VFX behind/front split,1.1s cast,AST_CLASS_C03_MAGIC,FOUR_CARDINAL_PENDING,Distinct supportive silhouette
AST_EQ_ARMOR_BASE,EQ_T01..06,EQUIPMENT,ARMOR_BASE,,,,,,Six tier armor identities for male and female,Visible gear progression,P1,LAUNCH,PARTIAL,characters/equipment/armor/*.png,YES,12,8,idle,1,96,512x512,1:1,STRAIGHT_ALPHA,"256;468",NO,armor over body,inherit body,NO,YES,NO,equipment compositing,MEDIUM,NO,NO,AST_PLAYER_IDLE_8D,characters/equipment/armor/<tier>/<body>/<direction>/,EQ_01,CARD_EQ_TEMPLATE,idle overlay,8 directions,both bodies,padded,feet fixed,inherit,inherit,NONE,inherit,armor follows body,idle,armor catalog families,EIGHT_DIRECTION_PENDING,Forest leather knight arcane sources reduce concept work
AST_EQ_ACTIONS,EQ_T01..06,EQUIPMENT,ARMOR_ACTION,,,,,,Tier armor combat overlays,Visible synchronized combat,P1,LAUNCH,MISSING,AST_M0431B_ARMOR,YES,12,4,windup|commit,2,96,512x512,1:1,STRAIGHT_ALPHA,"256;468",NO,armor over body,inherit body,NO,NO,NO,equipment compositing,MEDIUM,NO,NO,AST_EQ_ARMOR_BASE;AST_CLASS_C01_MELEE,characters/equipment/armor/<tier>/<body>/actions/,EQ_02,CARD_EQ_TEMPLATE,match class action,cardinals,both bodies,padded,feet fixed,inherit,inherit,NONE,inherit,armor follows body,pose index lock,AST_M0431B_ARMOR,FOUR_CARDINAL_PENDING,Count is 6 tiers x2 bodies x4 dirs x2 poses
AST_EQ_WEAPONS,EQ_T01..06,EQUIPMENT,WEAPONS,,,,,,Six tiers across four weapon families,Visible weapon progression,P1,LAUNCH,PARTIAL,characters/equipment/weapons;items/weapons,YES,24,1,idle,1,24,source,fit sockets,STRAIGHT_ALPHA,grip point,CONDITIONAL,weapon layer,main|offhand,YES,YES,NO,socket transform,LOW,YES,NO,AST_CLASS_C01_MELEE..AST_CLASS_C04_SUPPORT,characters/equipment/weapons/<family>/<tier>.png,EQ_03,CARD_EQ_TEMPLATE,neutral weapon,profile,hand readable,tight bounds,grip,NOT_REQUIRED,required,optional,tip/socket,per direction,procedural socket motion,catalog weapon sources,PROFILE_CERTIFIED_PENDING,One file per tier-family
AST_SP_BODIES,SP_C01_01..SP_C04_02,SP,BODY_REPLACEMENT,,,,,,Eight Mantle visual profiles in two bodies,Transformation identity,P1,LAUNCH,MISSING,none,YES,16,8,idle,1,128,512x512,1:1,STRAIGHT_ALPHA,"256;468",NO,body replacement,head|hands|vfx,YES,YES,YES,profile swap only,HIGH,NO,NO,AST_PLAYER_IDLE_8D,characters/sp/<sp>/<body>/idle/<direction>.png,SP_01,CARD_SP_TEMPLATE,idle,8 directions,both bodies,padded,feet fixed,required,required,required,required,profile-specific,idle,canonical base,EIGHT_DIRECTION_PENDING,8 Mantles x2 bodies x8
AST_SP_ACTIONS,SP_C01_01..SP_C04_02,SP,ACTION_KEYPOSES,,,,,,Eight Mantle signature action sets in two bodies,Distinct playstyle,P1,LAUNCH,MISSING,none,YES,16,4,windup|commit|release|recover,4,256,512x512,1:1,STRAIGHT_ALPHA,"256;468",NO,body replacement,head|hands|vfx,YES,YES,YES,timing and VFX,HIGH,NO,NO,AST_SP_BODIES,characters/sp/<sp>/<body>/actions/<direction>/<pose>.png,SP_02,CARD_SP_TEMPLATE,4 signature poses,cardinals,both bodies,padded,feet fixed,required,required,required,required,profile-specific,profile timing,AST_CLASS_C01_MELEE..AST_CLASS_C04_SUPPORT,FOUR_CARDINAL_PENDING,8 Mantles x2 bodies x4 dirs x4
AST_SP_PORTRAITS,SP_C01_01..SP_C04_02,PORTRAIT,SP_PORTRAIT,,,,,,Mantle profile portraits,Menus and transformation,P2,LAUNCH,MISSING,none,YES,16,1,portrait,1,16,1024x1024,downscale variants,STRAIGHT_ALPHA,center,NO,portrait,NONE,NO,YES,YES,downscale,MEDIUM,YES,NO,AST_SP_BODIES,ui/portraits/sp/<sp>_<body>.png,PORTRAIT_01,CARD_PORTRAIT_TEMPLATE,bust,front,bust,safe area,NOT_REQUIRED,NOT_REQUIRED,NOT_REQUIRED,NOT_REQUIRED,NOT_REQUIRED,flat portrait,NOT_REQUIRED,AST_SP_BODIES,FRONT_CERTIFIED,Two bodies per Mantle
AST_WORLD_GROUND,R01..R05,GROUND_PATH,TERRAIN,ALL,ALL,1-60,,,Terrain road water and transitions,Traversable world foundation,P0,CURRENT,READY,world/terrain;world/roads,NO,28,1,tile,1,28,source,keep native,STRAIGHT_ALPHA,tile origin,YES,ground,NONE,NO,NO,NO,tiling and blend,LOW,YES,NO,,world/terrain/;world/roads/,WORLD_01,NONE,tile,oblique,world scale,seam-safe,tile origin,NOT_REQUIRED,NOT_REQUIRED,NOT_REQUIRED,NOT_REQUIRED,ground plane,static,world catalog,STATIC_CERTIFIED,Readiness says terrain 13 and roads 15 READY
AST_WORLD_BUILDINGS,R01..R05,BUILDINGS,MODULAR,ALL,MAP_Rxx_01,1-60,,,Hub and field buildings,World identity,P0,CURRENT,READY,world/buildings,NO,44,1,static,1,44,source,keep native,STRAIGHT_ALPHA,footprint,NO,roof;walls;foundation,NONE,NO,NO,NO,occlusion fade,MEDIUM,YES,CONDITIONAL,AST_WORLD_GROUND,world/buildings/,WORLD_02,NONE,static oblique,fixed view,building scale,tight alpha,footprint,NOT_REQUIRED,NOT_REQUIRED,NOT_REQUIRED,NOT_REQUIRED,roof fade and depth,static,world/buildings,STATIC_CERTIFIED,Readiness 44 production assets
AST_WORLD_VEGETATION,R01..R05,ENVIRONMENT,VEGETATION,ALL,ALL,1-60,,,Regional vegetation library,Region silhouette and occlusion,P0,LAUNCH,PARTIAL,world/vegetation;references/source_sheets,YES,60,1,static,1,60,source,extract and normalize,STRAIGHT_ALPHA,base contact,YES,foreground|midground,NONE,NO,NO,NO,occlusion fade,LOW,YES,CONDITIONAL,AST_WORLD_GROUND,world/vegetation/<region>/,WORLD_03,CARD_ENV_TEMPLATE,static oblique,fixed view,prop-to-tree,tight alpha,base contact,NOT_REQUIRED,NOT_REQUIRED,NOT_REQUIRED,NOT_REQUIRED,depth by footpoint,static,kit03;kit11;verified kit21,STATIC_CERTIFIED,Four verified kit21 children; most remain source sheets
AST_WORLD_PROPS,R01..R05,ENVIRONMENT,PROPS,ALL,ALL,1-60,,,Regional prop library,Composition and landmarks,P1,LAUNCH,PARTIAL,references/source_sheets;world/portals,YES,50,1,static,1,50,source,extract and normalize,STRAIGHT_ALPHA,base contact,YES,foreground|midground,NONE,NO,NO,NO,none,LOW,YES,NO,AST_WORLD_GROUND,world/props/<region>/,WORLD_04,CARD_ENV_TEMPLATE,static oblique,fixed view,prop scale,tight alpha,base contact,NOT_REQUIRED,NOT_REQUIRED,NOT_REQUIRED,optional,depth by footpoint,static,kit06;kit31;kit40,STATIC_CERTIFIED,Props mostly source-only
AST_WORLD_ELEVATION,R01..R05,ENVIRONMENT,ELEVATION,ALL,ALL,1-60,,,Ramps cliffs and stairs,Height readability,P0,CURRENT,READY,world/elevation,NO,16,1,static,1,16,source,keep native,STRAIGHT_ALPHA,connector origin,NO,ground,NONE,NO,NO,NO,height logic,LOW,YES,NO,AST_WORLD_GROUND,world/elevation/,WORLD_05,NONE,static oblique,fixed view,world scale,seam-safe,connector,NOT_REQUIRED,NOT_REQUIRED,NOT_REQUIRED,NOT_REQUIRED,ground plane,static,world/elevation,STATIC_CERTIFIED,Readiness 16 READY
AST_WORLD_PORTALS,R01..R05,ENVIRONMENT,PORTALS,ALL,ALL,1-60,,,Region dungeon and travel portals,Transitions,P1,EARLY,PARTIAL,world/portals,YES,6,1,inactive|active,1,12,source,keep native,STRAIGHT_ALPHA,base contact,NO,arch;glow,NONE,YES,NO,NO,glow animation,MEDIUM,YES,NO,AST_WORLD_GROUND,world/portals/<region>/,WORLD_06,CARD_ENV_TEMPLATE,static plus state,fixed view,landmark,tight alpha,base contact,NOT_REQUIRED,NOT_REQUIRED,NOT_REQUIRED,center,glow front,loop,world/portals,STATIC_CERTIFIED,Six existing forms need state pairing
AST_UI_HUD_CORE,END_01,UI,MOBILE_HUD,,,,,,Landscape and portrait gameplay HUD,Touch-native play,P0,VERTICAL_SLICE,PARTIAL,ui/hud;ui/touch;ui/target;ui/map,YES,2,1,landscape|portrait,1,2,vector/source,device scale,STRAIGHT_ALPHA,anchors,YES,screen layers,NONE,NO,NO,NO,responsive layout,LOW,YES,NO,AST_PLAYER_IDLE_8D,ui/layouts/gameplay_<orientation>.tres,UI_MOBILE_01,CC_002C,NOT_REQUIRED,NOT_REQUIRED,safe-area,NOT_REQUIRED,NOT_REQUIRED,NOT_REQUIRED,NOT_REQUIRED,NOT_REQUIRED,NOT_REQUIRED,screen-space,NOT_REQUIRED,ui/hud/player_status_panel.png;ui/touch,ORIENTATION_CERTIFIED_PENDING,Deliverable yes; authored raster output no; composes existing UI art
AST_UI_SCREENS,END_01,UI,SCREENS,,,,,,Full launch screen inventory,Menus and social systems,P1,LAUNCH,PARTIAL,ui/,YES,34,2,landscape|portrait,1,68,source,9-slice and responsive,MIXED,anchors,YES,screen layers,NONE,NO,YES,YES,responsive assembly,MEDIUM,YES,NO,AST_UI_HUD_CORE,ui/layouts/<screen>_<orientation>.tres,UI_MOBILE_02,CARD_UI_TEMPLATE,NOT_REQUIRED,NOT_REQUIRED,safe-area,NOT_REQUIRED,NOT_REQUIRED,NOT_REQUIRED,NOT_REQUIRED,NOT_REQUIRED,NOT_REQUIRED,screen-space,NOT_REQUIRED,ui catalog,ORIENTATION_CERTIFIED_PENDING,Deliverable yes; authored raster output no; reuses existing panel art
AST_NPC_R01_IDLE,NPC_R01_01..07,NPC,DIRECTIONAL,R01,MAP_R01_01..05,1-12,,,Seven Amberway NPC idles,Quest and services,P0,EARLY,PARTIAL,npcs/merchant;npcs/blacksmith,YES,7,8,idle,1,56,512x512,normalize,STRAIGHT_ALPHA,"256;468",CONDITIONAL,body,NONE,NO,YES,YES,idle bob only,LOW,YES,NO,AST_WORLD_BUILDINGS,npcs/R01/<npc>/directions/,NPC_01,CARD_NPC_TEMPLATE,idle,8 directions,chibi,padded,feet fixed,optional,optional,NONE,optional,foot-depth sort,idle,merchant;blacksmith,EIGHT_DIRECTION_PENDING,Merchant and blacksmith directions available
AST_NPC_R02_R05_IDLE,NPC_R02_01..NPC_R05_07,NPC,DIRECTIONAL,R02-R05,MAP_R02_01..MAP_R05_05,13-60,,,Twenty-eight regional NPC idles,Quest and services,P1,LAUNCH,MISSING,npcs/merchant;npcs/blacksmith,YES,28,8,idle,1,224,512x512,normalize,STRAIGHT_ALPHA,"256;468",CONDITIONAL,body,NONE,NO,YES,YES,idle bob only,LOW,YES,NO,AST_NPC_R01_IDLE,npcs/<region>/<npc>/directions/,NPC_01,CARD_NPC_TEMPLATE,idle,8 directions,chibi,padded,feet fixed,optional,optional,NONE,optional,foot-depth sort,idle,AST_NPC_R01_IDLE,EIGHT_DIRECTION_PENDING,Role variants must remain visually distinct
AST_MON_STD_IDLE,MON_R01_01..MON_R05_08,MONSTER,DIRECTIONAL,ALL,ALL,1-60,,,Forty standard monster idles,Field combat identity,P0,LAUNCH,PARTIAL,monsters/moorling;monsters/copper_mole;monsters/rootling;monsters/crystal_beetle;monsters/lantern_moth;monsters/ruins_wisp,YES,40,4,idle,1,160,512x512,normalize,STRAIGHT_ALPHA,ground contact,NO,body,hit|vfx,NO,YES,NO,idle bob,LOW,YES,NO,AST_WORLD_GROUND,monsters/<content_id>/idle/<direction>.png,MON_01,CARD_MON_TEMPLATE,idle,cardinals,monster scale,padded,feet/base,NOT_REQUIRED,NOT_REQUIRED,NOT_REQUIRED,center,foot-depth sort,idle,catalog monster families,FOUR_CARDINAL_PENDING,Six catalog identities partially cover directions
AST_MON_STD_WALK,MON_R01_01..MON_R05_08,MONSTER,LOCOMOTION,ALL,ALL,1-60,,,Forty standard monster walk cycles,Directional traversal,P0,LAUNCH,MISSING,none,YES,40,4,walk,4,640,512x512,normalize,STRAIGHT_ALPHA,ground contact,NO,body,hit|vfx,NO,NO,NO,cycle timing,MEDIUM,NO,NO,AST_MON_STD_IDLE,monsters/<content_id>/walk/<direction>/<frame>.png,MON_02,CARD_MON_TEMPLATE,4-frame walk,cardinals,monster scale,padded,contact stable,NOT_REQUIRED,NOT_REQUIRED,NOT_REQUIRED,center,foot-depth sort,8fps,none,FOUR_CARDINAL_PENDING,Readiness explicitly marks walk missing
AST_MON_STD_ATTACK,MON_R01_01..MON_R05_08,MONSTER,COMBAT,ALL,ALL,1-60,,,Forty standard monster attack keyposes,Combat telegraph,P0,LAUNCH,PARTIAL,monsters/moorling/animations/attack_*;monsters/copper_mole/animations/attack_*,YES,40,4,windup|commit,2,320,512x512,normalize,STRAIGHT_ALPHA,ground contact,NO,body,hit|vfx,YES,NO,NO,held impact and recovery,MEDIUM,NO,NO,AST_MON_STD_IDLE,monsters/<content_id>/attack/<direction>/<pose>.png,MON_03,CARD_MON_TEMPLATE,windup and commit,cardinals,monster scale,padded,contact stable,NOT_REQUIRED,NOT_REQUIRED,NOT_REQUIRED,attack_origin,per-facing,0.7s family profile,Kit70;Kit72,FOUR_CARDINAL_PENDING,Moorling and copper mole nondirectional frames seed art
AST_MON_STD_HIT,MON_R01_01..MON_R05_08,MONSTER,COMBAT,ALL,ALL,1-60,,,Forty standard monster hit keyposes,Damage readability,P1,LAUNCH,PARTIAL,monsters/moorling/animations/hit_*;monsters/copper_mole/animations/hit_*,YES,40,4,hit,1,160,512x512,normalize,STRAIGHT_ALPHA,ground contact,NO,body,hit|vfx,YES,NO,NO,tween recoil,LOW,YES,NO,AST_MON_STD_IDLE,monsters/<content_id>/hit/<direction>.png,MON_04,CARD_MON_TEMPLATE,hit,cardinals,monster scale,padded,contact stable,NOT_REQUIRED,NOT_REQUIRED,NOT_REQUIRED,center,per-facing,0.2s,Kit71;Kit73,FOUR_CARDINAL_PENDING,Existing frames not direction-bound
AST_MON_STD_DEFEATED,MON_R01_01..MON_R05_08,MONSTER,COMBAT,ALL,ALL,1-60,,,Forty standard monster defeated keyposes,Defeat and loot readability,P1,LAUNCH,PARTIAL,monsters/moorling/animations/defeated_*;monsters/copper_mole/animations/defeated_*,YES,40,4,defeated,1,160,512x512,normalize,STRAIGHT_ALPHA,ground contact,NO,body,loot,NO,NO,NO,fade and settle,LOW,YES,NO,AST_MON_STD_IDLE,monsters/<content_id>/defeated/<direction>.png,MON_05,CARD_MON_TEMPLATE,defeated,cardinals,monster scale,padded,contact stable,NOT_REQUIRED,NOT_REQUIRED,NOT_REQUIRED,loot_origin,grounded,0.5s,Kit71;Kit73,FOUR_CARDINAL_PENDING,Existing frames not direction-bound
AST_ELITE_VISUALS,ELITE_R01_01..ELITE_R05_02,ELITE,FULL_SET,ALL,ALL,6-60,,,Ten elite full directional combat sets,Elite recognition,P1,LAUNCH,MISSING,AST_MON_STD_IDLE,YES,10,4,idle|walk|attack|hit|defeated,9,360,512x512,normalize,STRAIGHT_ALPHA,ground contact,NO,body;accent,hit|vfx,YES,YES,NO,timing and aura,MEDIUM,NO,NO,AST_MON_STD_IDLE..AST_MON_STD_DEFEATED,monsters/elites/<content_id>/<state>/,ELITE_01,CARD_MON_TEMPLATE,1 idle+4 walk+2 attack+1 hit+1 defeated,cardinals,110% base,padded,contact stable,NOT_REQUIRED,NOT_REQUIRED,NOT_REQUIRED,attack_origin,accent front/back,elite profile,standard monster references,FOUR_CARDINAL_PENDING,10 x4 x9 outputs
AST_MINIBOSS_VISUALS,BOSS_R01_01..BOSS_R05_01,MINIBOSS,FULL_SET,ALL,ALL,12-60,,,Five regional miniboss sets,Region climax,P1,LAUNCH,MISSING,monsters/root_guardian,YES,5,4,idle|walk|attack|hit|defeated,11,220,768x768,downscale at runtime,STRAIGHT_ALPHA,ground contact,NO,body;accent,hit|vfx,YES,YES,YES,timing and hazards,HIGH,NO,CONDITIONAL,AST_MON_STD_IDLE,Bosses/miniboss/<content_id>/<state>/,BOSS_01,CARD_BOSS_TEMPLATE,1 idle+4 walk+4 attack+1 hit+1 defeated,cardinals,150% monster,padded,contact stable,NOT_REQUIRED,NOT_REQUIRED,NOT_REQUIRED,attack_origin,depth by footprint,boss profile,root_guardian,FOUR_CARDINAL_PENDING,Root Guardian is PARTIAL and collision-affected
AST_DUNGEON_BOSS_VISUALS,BOSS_D01..BOSS_D06,BOSS,DUNGEON_BOSS,ALL,DGN_01..06,12-60,,,Six dungeon boss sets,Dungeon climax,P1,LAUNCH,MISSING,none,YES,6,4,idle|walk|attack|hit|defeated,13,312,1024x1024,downscale at runtime,STRAIGHT_ALPHA,ground contact,NO,body;weakpoint;accent,hit|vfx,YES,YES,YES,timing and hazards,HIGH,NO,YES,AST_DUNGEON_KITS,Bosses/dungeon/<content_id>/<state>/,BOSS_02,CARD_BOSS_TEMPLATE,1 idle+4 walk+6 attack+1 hit+1 defeated,cardinals,180% monster,padded,contact stable,NOT_REQUIRED,NOT_REQUIRED,NOT_REQUIRED,attack_origin,depth by footprint,boss profile,AST_MINIBOSS_VISUALS,FOUR_CARDINAL_PENDING,6 x4 x13 outputs
AST_RAID_BOSS_VISUALS,BOSS_RAID_01..BOSS_RAID_03,RAID_BOSS,FULL_SET,ALL,RAID_01..03,60,,,Three raid boss sets,Raid spectacle and mechanics,P1,ENDGAME,MISSING,none,YES,3,4,idle|move|attacks|hit|defeated,18,216,1536x1536,LOD downscale,STRAIGHT_ALPHA,ground contact,NO,body;weakpoints;accent,hits|mechanics|vfx,YES,YES,YES,timing hazards and phase swaps,HIGH,NO,YES,AST_RAID_KITS,Bosses/raid/<content_id>/<state>/,RAID_BOSS_01,CARD_BOSS_TEMPLATE,1 idle+4 move+11 attacks+1 hit+1 defeated,cardinals,large raid,padded,contact stable,NOT_REQUIRED,NOT_REQUIRED,NOT_REQUIRED,multiple vfx sockets,depth by footprint,phase profiles,AST_DUNGEON_BOSS_VISUALS,FOUR_CARDINAL_PENDING,3 x4 x18 outputs
AST_DUNGEON_KITS,DGN_01..06,DUNGEON,ENVIRONMENT_KIT,ALL,DGN_01..06,10-60,,,Six dungeon environment kits,Dungeon traversal,P1,LAUNCH,PARTIAL,world/dungeons;references/source_sheets/kit_13;kit_14;kit_15,YES,6,1,static,12,72,source,extract and normalize,MIXED,tile or footprint,NO,ground;walls;foreground,NONE,YES,NO,NO,tiling collision and occlusion,MEDIUM,YES,YES,AST_WORLD_GROUND,world/dungeons/<dgn>/,DGN_01,CARD_DGN_TEMPLATE,12 modules,fixed oblique,world scale,seam-safe,footprint,NOT_REQUIRED,NOT_REQUIRED,NOT_REQUIRED,hazard sockets,depth layers,static,catalog dungeon sources,STATIC_CERTIFIED,Readiness says 7 production plus 3 source/reference
AST_RAID_KITS,RAID_01..03,RAID,ENVIRONMENT_KIT,ALL,RAID_01..03,60,,,Three raid arena kits,Raid mechanics,P1,ENDGAME,PARTIAL,world/dungeons raid entrances,YES,3,1,static|hazard,16,48,source,normalize and LOD,MIXED,tile or footprint,NO,ground;arena;foreground,NONE,YES,NO,NO,hazards and occlusion,HIGH,YES,YES,AST_DUNGEON_KITS,world/raids/<raid>/,RAID_01,CARD_RAID_TEMPLATE,16 modules,fixed oblique,arena scale,seam-safe,footprint,NOT_REQUIRED,NOT_REQUIRED,NOT_REQUIRED,hazard sockets,depth layers,static,catalog raid entrances,STATIC_CERTIFIED,Only entrances are evidenced
AST_PETS,PET_01..08,PET,FULL_SET,ALL,ALL,8-60,,,Eight pet directional sets,Collection and combat support,P1,LAUNCH,MISSING,none,YES,8,4,idle|move|skill|hit,8,256,384x384,normalize,STRAIGHT_ALPHA,ground contact,NO,body,skill|vfx,YES,YES,YES,movement tween,MEDIUM,NO,NO,AST_MON_STD_IDLE,characters/pets/<pet>/<state>/,PET_01,CARD_COMPANION_TEMPLATE,1 idle+4 move+2 skill+1 hit,cardinals,small,padded,contact stable,NOT_REQUIRED,NOT_REQUIRED,NOT_REQUIRED,skill_origin,foot-depth sort,companion profile,monster families,FOUR_CARDINAL_PENDING,8 x4 x8 outputs
AST_PARTNERS,PARTNER_01..04,PARTNER,FULL_SET,ALL,ALL,15-60,,,Four partner directional combat sets,AI party role,P1,LAUNCH,MISSING,none,YES,4,8,idle|move|attack|hit|defeated,9,288,512x512,normalize,STRAIGHT_ALPHA,"256;468",NO,body;equipment,head|hands|vfx,YES,YES,YES,AI and timing,HIGH,NO,NO,AST_CLASS_C01_MELEE..AST_CLASS_C04_SUPPORT,characters/partners/<partner>/<state>/,PARTNER_01,CARD_COMPANION_TEMPLATE,1 idle+4 move+2 attack+1 hit+1 defeated,8 directions,player scale,padded,feet fixed,required,required,optional,required,foot-depth sort,class profile,class references,EIGHT_DIRECTION_PENDING,4 x8 x9 outputs
AST_FAIRIES,FAIRY_01..06,FAIRY,FULL_SET,ALL,ALL,10-60,,,Six elemental fairy sets,Visible build modifier,P1,LAUNCH,MISSING,none,YES,6,4,idle|move|skill,7,168,384x384,normalize,STRAIGHT_ALPHA,hover center,YES,body;glow,skill|vfx,YES,YES,YES,hover and particles,MEDIUM,NO,NO,AST_SP_BODIES,characters/fairies/<fairy>/<state>/,FAIRY_01,CARD_COMPANION_TEMPLATE,1 idle+4 move+2 skill,cardinals,small hover,padded,hover point,NOT_REQUIRED,NOT_REQUIRED,NOT_REQUIRED,skill_origin,glow behind/front,fairy profile,VFX magic support,FOUR_CARDINAL_PENDING,6 x4 x7 outputs
AST_ITEM_ICONS,EQ_T01..06,ITEM_ICON,EQUIPMENT_AND_LOOT,ALL,ALL,1-60,,,Equipment materials consumables and quest icons,Inventory recognition,P1,LAUNCH,PARTIAL,items/;ui/inventory,YES,180,1,icon,1,180,256x256,export 128 and 64,STRAIGHT_ALPHA,center,YES,icon,NONE,NO,NOT_REQUIRED,NO,downscale,LOW,YES,NO,AST_EQ_WEAPONS,ui/icons/items/<id>.png,ICON_01,CARD_ICON_TEMPLATE,three-quarter object,front,80% canvas,"16px padding",NOT_REQUIRED,NOT_REQUIRED,NOT_REQUIRED,NOT_REQUIRED,NOT_REQUIRED,screen-space,NOT_REQUIRED,catalog items,FRONT_CERTIFIED,Launch identity count includes gear loot crafting quest consumables
AST_SKILL_ICONS,SKILL_C01_01..SKILL_C04_03,SKILL_ICON,SKILLS,,,,,,Forty-eight base skill icons plus thirty-two Mantle icons,Skill readability,P1,LAUNCH,MISSING,ui/skills/skill_button.png,YES,80,1,icon,1,80,256x256,export 128 and 64,STRAIGHT_ALPHA,center,NO,icon,NONE,YES,NOT_REQUIRED,NO,downscale,LOW,YES,NO,AST_CLASS_C01_MELEE..AST_SP_ACTIONS,ui/icons/skills/<id>.png,ICON_02,CARD_ICON_TEMPLATE,graphic glyph,front,80% canvas,"16px padding",NOT_REQUIRED,NOT_REQUIRED,NOT_REQUIRED,NOT_REQUIRED,NOT_REQUIRED,screen-space,NOT_REQUIRED,combat/vfx,FRONT_CERTIFIED,12 families x4 base skills plus 8 Mantles x4
AST_SKILL_VFX,SKILL_C01_01..SKILL_C04_03,VFX,SKILLS,,,,,,Base and Mantle skill VFX families,Combat readability,P1,LAUNCH,PARTIAL,combat/vfx,YES,80,1,start|peak|resolve,3,240,512x512,scale by socket,STRAIGHT_ALPHA,center,YES,behind|front,vfx_socket,NOT_REQUIRED,NO,NO,particle timing,MEDIUM,YES,YES,AST_CLASS_C01_MELEE..AST_SP_ACTIONS,combat/vfx/skills/<id>/<phase>.png,VFX_01,CARD_VFX_TEMPLATE,3 keyframes,camera-facing,effect scale,padded,NOT_REQUIRED,NOT_REQUIRED,NOT_REQUIRED,NOT_REQUIRED,center,split depth,skill profile,combat/vfx catalog,CAMERA_FACING,Existing melee slash and magic support seed style
AST_PROJECTILES,SKILL_C02_01..SKILL_C03_03,PROJECTILE,SKILLS,,,,,,Ranged and magic projectile families,Trajectory feedback,P1,LAUNCH,PARTIAL,combat/projectiles,YES,24,1,flight|impact,2,48,256x256,scale by socket,STRAIGHT_ALPHA,center,YES,flight|impact,vfx_socket,NOT_REQUIRED,NO,NO,trajectory and rotation,LOW,YES,NO,AST_SKILL_VFX,combat/projectiles/<id>/<state>.png,VFX_02,CARD_VFX_TEMPLATE,flight and impact,profile,small,padded,NOT_REQUIRED,NOT_REQUIRED,NOT_REQUIRED,NOT_REQUIRED,center,screen depth,projectile profile,combat/projectiles/06_arrow_hit.png,PROFILE_CERTIFIED_PENDING,Catalog arrow impact exists
AST_PVP_PRESENTATION,PVP_01..03,PVP,UI_AND_ARENA,ALL,PVP_01..03,10-60,,,Duel 3v3 and 8v8 arenas and overlays,PvP readability,P2,ENDGAME,MISSING,ui/target;ui/hud,YES,3,2,arena|landscape_ui|portrait_ui,3,9,mixed,responsive,MIXED,anchors,YES,ground and screen,NONE,YES,YES,NO,team tint and responsive UI,MEDIUM,YES,YES,AST_UI_HUD_CORE;AST_WORLD_GROUND,world/pvp/<mode>/;ui/layouts/pvp/,PVP_01,CARD_PVP_TEMPLATE,arena plus two layouts,fixed camera,arena scale,safe area,footprint,NOT_REQUIRED,NOT_REQUIRED,NOT_REQUIRED,hazard sockets,team depth,match profile,world and UI references,ORIENTATION_CERTIFIED_PENDING,No fake per-combatant art counted
AST_AUDIO_PLACEHOLDER,END_01,AUDIO,NOT_ART,,,,,,Audio is separately budgeted outside authored visual output,Prevents visual count inflation,P2,POSTLAUNCH,NOT_REQUIRED,none,NO,0,0,none,0,0,NOT_REQUIRED,NOT_REQUIRED,NOT_REQUIRED,NOT_REQUIRED,NOT_REQUIRED,NOT_REQUIRED,NOT_REQUIRED,NO,NO,NO,audio system,NOT_REQUIRED,NO,NO,,audio/,AUDIO_PLAN,NONE,NOT_REQUIRED,NOT_REQUIRED,NOT_REQUIRED,NOT_REQUIRED,NOT_REQUIRED,NOT_REQUIRED,NOT_REQUIRED,NOT_REQUIRED,NOT_REQUIRED,NOT_REQUIRED,NOT_REQUIRED,none,NOT_REQUIRED,Explicitly excluded from visual authored-output sum
